post_id,created_utc,author,subreddit,title,text,score,comments,upvote_ratio,url
1pbh835,1764606361.0,kwentongskyblue,technology,"Rockstar co-founder compares AI to 'mad cow disease,' and says the execs pushing it aren't 'fully-rounded humans'",,42806,1350,0.96,https://reddit.com/r/technology/comments/1pbh835/rockstar_cofounder_compares_ai_to_mad_cow_disease/
1p2osv5,1763697810.0,Moth_LovesLamp,technology,Microsoft AI CEO puzzled that people are unimpressed by AI,,36224,3488,0.95,https://reddit.com/r/technology/comments/1p2osv5/microsoft_ai_ceo_puzzled_that_people_are/
1p2vfdh,1763721759.0,thatirishguyyyyy,technology,"Gmail can read your emails and attachments to train its AI, unless you opt out",,32999,1896,0.97,https://reddit.com/r/technology/comments/1p2vfdh/gmail_can_read_your_emails_and_attachments_to/
1pcaqvf,1764687893.0,captain-price-,technology,IBM CEO says there is 'no way' spending trillions on AI data centers will pay off at today's infrastructure costs,,31083,2392,0.97,https://reddit.com/r/technology/comments/1pcaqvf/ibm_ceo_says_there_is_no_way_spending_trillions/
1ouvaqe,1762920492.0,ControlCAD,technology,"J.P. Morgan calls out AI spend, says $650 billion in annual revenue required to deliver mere 10% return on AI buildout â€” equivalent to $35 payment from every iPhone user, or $180 from every Netflix subscriber 'in perpetuity'",,27948,1731,0.96,https://reddit.com/r/technology/comments/1ouvaqe/jp_morgan_calls_out_ai_spend_says_650_billion_in/
1pewqc1,1764945536.0,OSRSkarma,wallstreetbets,Weekly Earnings Thread 12/8 - 12/12,,130,223,0.95,https://reddit.com/r/wallstreetbets/comments/1pewqc1/weekly_earnings_thread_128_1212/
1pf6h85,1764968252.0,wsbapp,wallstreetbets,"Weekend Discussion Thread for the Weekend of December 05, 2025",This post contains content not supported on old Reddit. [Click here to view the full post](https://sh.reddit.com/r/wallstreetbets/comments/1pf6h85),122,5695,0.89,https://reddit.com/r/wallstreetbets/comments/1pf6h85/weekend_discussion_thread_for_the_weekend_of/
1pg3pe2,1765064973.0,Distinct-Race-2471,wallstreetbets,Is T (ATT) the dumbest company in the universe?,"Today, we talk about ATT   Bought Time Warner for $85B 2018  Sold WBD for $45B.  2022  WBD bought by Netflix for $83B. 2026 (estimated close)  $40B is a lot of iPhones.  Is someone who lit $40B on fire a good CEO?",793,172,0.94,https://reddit.com/r/wallstreetbets/comments/1pg3pe2/is_t_att_the_dumbest_company_in_the_universe/
1pf543m,1764964956.0,ElephantFriendly,wallstreetbets,"-75k over 5 years, I'm done","Some days I'm really good at trading.  Ranges are easy to decipher, momentum is easy to read...but more days I'm terrible.  I'll catch back up on my bills by February, but it's gonna be a lean Christmas.  This is my final act of contrition for my poor finances, the WSB loss porn.  Looks like I'm a ""just buy XEQT"" guy now.",4313,966,0.96,https://reddit.com/r/wallstreetbets/comments/1pf543m/75k_over_5_years_im_done/
1pfm9c8,1765017235.0,JasonTong2005,wallstreetbets,Good day betting on Nasdaq futures &amp; NY Central Park temperatures,On Polyma... oh wait ForecastEx,247,44,0.93,https://reddit.com/r/wallstreetbets/comments/1pfm9c8/good_day_betting_on_nasdaq_futures_ny_central/
