title,link,published,summary
Tesla struggles to course correct from sales skid,https://news.google.com/rss/articles/CBMiqwFBVV95cUxPbHo5ZzFnNzNhOE5icGlrZklxa2xzclVCdFVQNWg2MzVzajJFUWFPcWNQNkRxSUVQNUtQUzFFdjdMLXhjM1lvUUZsb2RaRy1DeHhBYzhVSUgxRjBGZG5GMDVleDhnOGJqek8yZklSbTJXbXBwNzJIZE9FVVM3dkNuRnpsVVFiU2ZIcG1oQ2VIYjZUcDJmS2JFUGg2ZXNuV3h0ZGxrbjYtZm12WTA?oc=5,"Wed, 26 Nov 2025 08:00:00 GMT",Tesla struggles to course correct from sales skid
'Big Short' investor Burry targets Tesla after slamming AI valuations,https://news.google.com/rss/articles/CBMixAFBVV95cUxOUHl6Y01xR0NQbHZuQW1PNnJCcEtvUFQtbVAyd3JRMFFzdXZhbzE1bWhKR3pCdENFRTBvUHMtNEFwdURoMmhPUFBVNVdyMklFSFRPWHBtYkI2RDZjUjdqbk05ZjRKZUs2UGw1MnNXWV9ySWpJYWVvVlFkdjJLdi14bnU3OXRWZy1WcHhCOENwb29TSmQtbDk0WlUyTjJVSWtzaTNkci12V2VPb3ZaSno4V1J4T3U3dHAyRW9Ua1BVS3oyWkZQ?oc=5,"Mon, 01 Dec 2025 16:08:36 GMT",'Big Short' investor Burry targets Tesla after slamming AI valuations
"Tesla speeds up odometers to avoid warranty repairs, US lawsuit claims",https://news.google.com/rss/articles/CBMizAFBVV95cUxNbV9zSFNQdHAtVTloNEM4QjBkNUs4R1o2a3JNT3RtMGRETUxPNFIzNEFtZE42cnpsekZpeEhfVzNpY1BTOFpjcmlCNEFxZzlra1hiZHRBdmE4OWVFUjRqSVdOemE4YWhYTk9BbXh0dTlpNm1xVlR6Sm92Y1lSYjVzWlpJRDdfYkU2TTdJR0YtNnh6NEl6WGVGZVllNHpaRVlRakFWZ2s0OFo4X1E3OTVBTVNqaHFnNFhEcGZUSk5nNElxcE11NVpkcFo3M1M?oc=5,"Thu, 17 Apr 2025 07:00:00 GMT","Tesla speeds up odometers to avoid warranty repairs, US lawsuit claims"
Musk wins fight to keep lawyer Alex Spiro in Twitter trial,https://news.google.com/rss/articles/CBMiqAFBVV95cUxNRzJtNG5vVERWMjVzYmlyVW1oZXoxZDBQTWZpWnV4ZVJ2LWFIWWxDeGxCMEEtZ0ZCWDlyTU81aGJLcjV4VEJobDNxZGszMmV0MjA4Nl90bWtkQjdyd0V5Z3IyczB6QkVKOGc2dFpCczlQak0tSWxGcG9vYU5DZE1ualgtMUxhQW1MU1Z1eWFIV2MyaVo4M0pmUElEN3JiMzhaaU5WcndtRng?oc=5,"Tue, 02 Dec 2025 23:03:45 GMT",Musk wins fight to keep lawyer Alex Spiro in Twitter trial
Tesla launches low-cost Model 3 variant in Europe,https://news.google.com/rss/articles/CBMisgFBVV95cUxNLUZvZjBsd0M2QlRDZzB0SnMtTWswZFJFQ3p6cHQ1QXZrc2ltUWt5WnQzSURIeDVqQ2ZFWDdkUmVVSHhYMG9UOHFLQkxmR0lqMEtzVk9Ta3h2YjZoWi13M05NNnN3aUt0V1FoNGJyZDJGWGZzNGEyRHJROEFFQUdIN1U0MVNxeEtGc3dNeEs5TkxlbnlpcmpQTlpGZm8xcGt3LTF0RXRINUJuWW8wb2R2cVNn?oc=5,"Sat, 06 Dec 2025 07:32:00 GMT",Tesla launches low-cost Model 3 variant in Europe
"Oil climbs over $1 a barrel on OPEC action, Ukraine attack",https://news.google.com/rss/articles/CBMiqAFBVV95cUxQUUdQZ0hfdVVSX2hPQXlOV2dXaDRXb1pzU09iZjJQdFJabXBSNmY2ZHoyRGVoUFJ2dnhuWkZQeTRoZVgxWnU1N2FCODdmZ2M1VktIaGF4VzhiU3VvcnNGaDBIU0hIa0pyRV9NM2luWGtRXzJjRkNRYlJ5bTAwMXc2TFJnZ1J0TXRYRF9pV2daQ1d6am4tMzJOYnZyVjN2SHFRaHBFeldESTg?oc=5,"Mon, 01 Dec 2025 20:24:08 GMT","Oil climbs over $1 a barrel on OPEC action, Ukraine attack"
Swelling supply to keep oil prices under strain in 2026,https://news.google.com/rss/articles/CBMiowFBVV95cUxORlJJTEg3cnNLbXN0bVZsRm1JQzliVC1VY2d0RHV5TmljQVdwZzdlRXQwX3hjMmFhWmRaQjlJVUZxVDJteTlETUlWN0pBRDNNZ3ViMEZ0VGJ2MldNVkNQaFhpNHpjUGdHbWVINXZwaWZ6SU9Tcm5mTndNMFVFa1VHaURzQ2RNQnNBZGdYWERKWXdKeGN1bUs2Nm14dlNSbUpOZWVN?oc=5,"Fri, 28 Nov 2025 08:00:00 GMT",Swelling supply to keep oil prices under strain in 2026
"OPEC+ members to undergo annual oil capacity audit under new plan, sources say",https://news.google.com/rss/articles/CBMiwwFBVV95cUxNdXJnMGVKcjNSbWp3TjBxRE9tVS1PUTIxVzVncVpYTmMyRXVxcWR3anQ0dkVoX2pzZU5hSXFtOGJmUGY4S19FaFdGRmktUVFOZ1piaDF5YVBlOHQ4VGJuWXRSeHlSbzZOUk8zWjVaUFlia1JRRDFxV0xMMDJubUNWTldqWDVuZzI0bWQ5RlB3eG1IakVDOEZNS3BqQ0ZnNFVRY2RKbDhsTXp0aVRSYWlFOTlTdnJDMUVCanZjMHRnUF9IWkk?oc=5,"Tue, 02 Dec 2025 14:01:12 GMT","OPEC+ members to undergo annual oil capacity audit under new plan, sources say"
OPEC+ to spark spending race with new oil quota system,https://news.google.com/rss/articles/CBMiswFBVV95cUxObFhNdno4R3NyUHJUQ0JEX2xlZm1RNEc3MDdSZW5Ia0VoWi1tb1BEX19Db0h1T290T0YxdVdxdHpjSXh1Q1pHeTZxTmE0M3RXQzRvUDZTUWJFMnNHVGlMRk1yNElwN2hobGtsN3ZNTVphVUdCTzR6dDc3MDZmWUZXX1p1c1BEaWtXS1FiSjUzUlFvN2xUeWJDaWVCdDV6aUNsN1BCTXVnU3MtWTYxWDNUajlZNA?oc=5,"Tue, 02 Dec 2025 11:00:00 GMT",OPEC+ to spark spending race with new oil quota system
"Venezuela's oil exports surpass 900,000 bpd despite US pressure, data shows",https://news.google.com/rss/articles/CBMiwgFBVV95cUxON1ZWeVZDQndMMUt2YVRrUTI3TTlmWlBua29VVXB5QTQ2enBtMFdBU0ZGbmEzSEdpSV85TllZOTVRRV9yZGtKODYwLXVFRVFHTnIzRTVDUmFnRTdLLVNpTUUzbEFNQnl0SHB6bkdxdXlyMUdoTk45MnhjVENMaFJYRnBoT2xPdy1qRm4zQjVaRmFEVEZ6ZkpITFo1NUh6U0Z5cUhtTWQ3ZnBISVladUlSWVh4MXVUUWFmU1pNcW02Rnh2QQ?oc=5,"Wed, 03 Dec 2025 17:04:15 GMT","Venezuela's oil exports surpass 900,000 bpd despite US pressure, data shows"
